<?xml version="1.0" ?>
<root>
<first>
<day>Вт</day>
<time>08:20-09:50</time>
<room>ул.Ломоносова, д.9, лит. М</room>
<lesson>Информатика</lesson>
<lesson-format>Очно-дистанционный</lesson-format>
</first>
<second>
<day>Вт</day>
<time>10:00-11:30</time>
<room>ул.Ломоносова, д.9, лит. М</room>
<lesson>ОПД</lesson>
<lesson-format>Очно-дистанционный</lesson-format>
</second>
<third>
<day>Вт</day>
<time>11:40-13:10</time>
<room>ул.Ломоносова, д.9, лит. М</room>
<lesson>Программирование</lesson>
<lesson-format>Дистанционный</lesson-format>
</third>
</root>