{"first": {
"day": "Вт",
"time": "08:20-09:50",
"room": "ул.Ломоносова, д.9, лит. М",
"lesson": "Информатика",
"lesson-format": "Очно-дистанционный"
},
"second": {
"day": "Вт",
"time": "10:00-11:30",
"lesson": "ОПД",
"lesson-format": "Очно-дистанционный"
},
"third": {
"day": "Вт",
"time": "11:40-13:10",
"room": "ул.Ломоносова, д.9, лит. М",
"lesson": "Программирование",
"lesson-format": "Дистанционный"
}
}
